{"cameraMode":{"drawMode":0,"name":"Shaded","section":"Shading Mode"},"sceneLighting":true,"audioPlay":false,"sceneViewState":{"showFog":true,"showMaterialUpdate":true,"showSkybox":true,"showFlares":true,"showImageEffects":true,"showParticleSystems":true},"in2DMode":false,"pivot":{"x":130.67092895507813,"y":-339.18084716796877,"z":167.958251953125},"rotation":{"x":-0.4621170461177826,"y":-0.2762964963912964,"z":0.15411753952503205,"w":-0.8284682035446167},"size":218.67369079589845,"orthographic":false}