{"cameraMode":{"drawMode":0,"name":"Shaded","section":"Shading Mode"},"sceneLighting":true,"audioPlay":false,"sceneViewState":{"showFog":true,"showMaterialUpdate":true,"showSkybox":true,"showFlares":true,"showImageEffects":true,"showParticleSystems":true},"in2DMode":false,"pivot":{"x":121.24440002441406,"y":-343.2503662109375,"z":166.79798889160157},"rotation":{"x":-0.4621170461177826,"y":-0.2762964963912964,"z":0.15411753952503205,"w":-0.8284682035446167},"size":219.56202697753907,"orthographic":false}